H6EyrLkCDzk,"Google Search News (March ‚Äò22) -  Search Console URL Inspection API, ranking changes and more!",Great Update ‚ò∫Ô∏è
H6EyrLkCDzk,"Google Search News (March ‚Äò22) -  Search Console URL Inspection API, ranking changes and more!","Another great News Report, and especially love the recognition of Barry Schwartz and his extraordinary contributions to the search community."
H6EyrLkCDzk,"Google Search News (March ‚Äò22) -  Search Console URL Inspection API, ranking changes and more!","Moving to a better experience, thanks as always üëç"
H6EyrLkCDzk,"Google Search News (March ‚Äò22) -  Search Console URL Inspection API, ranking changes and more!",Wow - thank you so much for the callout - it was unexpected and so nice of you! üòä
H6EyrLkCDzk,"Google Search News (March ‚Äò22) -  Search Console URL Inspection API, ranking changes and more!","Thanks for the info about search console API. It seems helpful, but should provide the ability to request indexing in case a url is not indexed."
H6EyrLkCDzk,"Google Search News (March ‚Äò22) -  Search Console URL Inspection API, ranking changes and more!",John is always insightfull & Cool üòÄ. Thanks John üôè & love from India
H6EyrLkCDzk,"Google Search News (March ‚Äò22) -  Search Console URL Inspection API, ranking changes and more!",Is there any way to remove outdated news articles from search results??
H6EyrLkCDzk,"Google Search News (March ‚Äò22) -  Search Console URL Inspection API, ranking changes and more!","Great stuff John, thank you for the update"
H6EyrLkCDzk,"Google Search News (March ‚Äò22) -  Search Console URL Inspection API, ranking changes and more!","Very insightful update, thank you!"
H6EyrLkCDzk,"Google Search News (March ‚Äò22) -  Search Console URL Inspection API, ranking changes and more!",Found about this channel a month ago and I just got addicted to it...
H6EyrLkCDzk,"Google Search News (March ‚Äò22) -  Search Console URL Inspection API, ranking changes and more!",Great source of information
H6EyrLkCDzk,"Google Search News (March ‚Äò22) -  Search Console URL Inspection API, ranking changes and more!",very well explained
H6EyrLkCDzk,"Google Search News (March ‚Äò22) -  Search Console URL Inspection API, ranking changes and more!",Thank you as always.
H6EyrLkCDzk,"Google Search News (March ‚Äò22) -  Search Console URL Inspection API, ranking changes and more!",Great Core Web Vitals Update üòä. Thanks for this information
H6EyrLkCDzk,"Google Search News (March ‚Äò22) -  Search Console URL Inspection API, ranking changes and more!",Good worküëç
H6EyrLkCDzk,"Google Search News (March ‚Äò22) -  Search Console URL Inspection API, ranking changes and more!",ie 'Search Results in GSC - I would only like to view urls with 'xyz' in the url. Is this possible? As I cannot see how to do it.
H6EyrLkCDzk,"Google Search News (March ‚Äò22) -  Search Console URL Inspection API, ranking changes and more!",Thanks John!
H6EyrLkCDzk,"Google Search News (March ‚Äò22) -  Search Console URL Inspection API, ranking changes and more!",Thank you John
H6EyrLkCDzk,"Google Search News (March ‚Äò22) -  Search Console URL Inspection API, ranking changes and more!",Thank you!
H6EyrLkCDzk,"Google Search News (March ‚Äò22) -  Search Console URL Inspection API, ranking changes and more!",Is there a link to code we can use for google sheets to get web site cache date and if it's indexed - what index is it in?
H6EyrLkCDzk,"Google Search News (March ‚Äò22) -  Search Console URL Inspection API, ranking changes and more!",greetings healthy always big boss and hopefully in a state of spirit
H6EyrLkCDzk,"Google Search News (March ‚Äò22) -  Search Console URL Inspection API, ranking changes and more!",Thanks John....
H6EyrLkCDzk,"Google Search News (March ‚Äò22) -  Search Console URL Inspection API, ranking changes and more!",Thank you
H6EyrLkCDzk,"Google Search News (March ‚Äò22) -  Search Console URL Inspection API, ranking changes and more!",Ok. I hope my website stop deindexing from google search.
H6EyrLkCDzk,"Google Search News (March ‚Äò22) -  Search Console URL Inspection API, ranking changes and more!","Why does Google promote racial division by having tags for Latino and Black businesses but doesn't promote any other groups like Armenians, Asian, Indian etc etc isn't that favoritism. How about a tag to promote people who are ex drug addicts recovering alcoholics suicide survivors single parents"
H6EyrLkCDzk,"Google Search News (March ‚Äò22) -  Search Console URL Inspection API, ranking changes and more!",:virtualhug:
EqboAI-Vk-U,Google ‚Äî Year In Search 2021,"This video is full of emotions, encouragement, and hope. Can we have a longer version of it?"
EqboAI-Vk-U,Google ‚Äî Year In Search 2021,"I lost everything this year. My house, my relationship of five years, my two dogs‚Ä¶ this really struck all the right chords in my heart. Everyday I‚Äôm trying to come back stronger. To everyone struggling, you have all the love I can possibly muster. Don‚Äôt give up."
EqboAI-Vk-U,Google ‚Äî Year In Search 2021,"I love these year in search videos! Hopefully, the 2022 year in search will show us moving ahead in more ways than one. In the meantime, remember all we can control is ourselves and we need to realize that we are more alike than different. May everyone have a happy new year, even the ones I disagree with."
EqboAI-Vk-U,Google ‚Äî Year In Search 2021,"2021 definitely took a toll on my mental health. It has been a continuous journey to learn healthy coping mechanisms, talking to professionals and just letting myself feel the things I feel"
EqboAI-Vk-U,Google ‚Äî Year In Search 2021,"There's been a lot of ups and downs in 2021, let's keep our fingers crossed that 2022 will hopefully improve for the ones who went through tough times. Have a happy new year!"
EqboAI-Vk-U,Google ‚Äî Year In Search 2021,"To anyone reading this, you may have not yet healed, but you are healing."
EqboAI-Vk-U,Google ‚Äî Year In Search 2021,"I didn't expect it to be this moving. 2021 is almost passed, I hope everyone has been more stronger, healthier. I wish there's a way to spread everyone's positive energy to people who's in need. üíñ"
EqboAI-Vk-U,Google ‚Äî Year In Search 2021,"So proud of all of us. We all faced struggles this year, things we never thought would happen, and we came out on the other side maybe a bit battered, but we are determined to heal and keep moving forward. Humanity is resilient and beautiful, and I am genuinely so proud of every single one of us, from the doctor who saved a person today to the person who got out of bed even though it was difficult. You are valid, and beautiful. Sending love <3"
EqboAI-Vk-U,Google ‚Äî Year In Search 2021,I want to give the whole world a huge hug . We have been through a lot and lost so much but we are still strong together and I feel like we are more and more connected now than ever . I wish everyone the best  and let's have a meaningful year ahead.
EqboAI-Vk-U,Google ‚Äî Year In Search 2021,"This has been a year of enormous change for me. I moved to be close to family, I literally moved 3 times before I got into my house, I felt isolated in some ways and closer to my daughter and family in others. I‚Äôve been stressed, sad, happy, lonely, excited, worried, and confused. I‚Äôm turning 79 in a week. I‚Äôm alone this week. I hope 2022 is better."
EqboAI-Vk-U,Google ‚Äî Year In Search 2021,"I hope that, even with Omicron and so much more to come, 2022 questions change"
EqboAI-Vk-U,Google ‚Äî Year In Search 2021,Muito bom! Me emocionei. Um abra√ßo a todas as pessoas do mundo.
EqboAI-Vk-U,Google ‚Äî Year In Search 2021,Esperando que el 2022 sea un mejor a√±o y que podamos recuperar los dos a√±os que perdimos debido al virus. Fuerzas a todos! Sigamos adelante! <3
EqboAI-Vk-U,Google ‚Äî Year In Search 2021,"Incredible that they used a rendition of Olivia Rodrigo's Driver's License, what an amazing honor for her. This year really showed that as humans we persevere and come back stronger than before after a scary and confusing year"
EqboAI-Vk-U,Google ‚Äî Year In Search 2021,"We can all agree that 2020-2021 were the most dramatic years of our lives, learnt and experienced many things.."
EqboAI-Vk-U,Google ‚Äî Year In Search 2021,"2021 has been a year of emotion, challenges and treasuring life's little moments. Beautiful video."
EqboAI-Vk-U,Google ‚Äî Year In Search 2021,"I lost my grampa this year. It‚Äôs been very hard and I still get sad about it, he passed in March. I know so many other families have also lost relatives and it‚Äôs so hard to deal with especially around the holidays. We‚Äôve got thisüíú"
EqboAI-Vk-U,Google ‚Äî Year In Search 2021,"The editors definitely understood the assignment. Perfect song, perfect story to coincide with the emotions of the song."
EqboAI-Vk-U,Google ‚Äî Year In Search 2021,"Me sali√≥ abajo en el buscador de google y entre a ver por curiosidad, pensaba que seria un video de las cosas t√≠picas que busca la gente,  pero me encontr√© con un video emotivo que me  gusto. Espero que el a√±o que viene nos vaya bien a todos y logremos al menos recuperar algo de estos 2 a√±os perdidos que encima se pasaron r√°pido."
EqboAI-Vk-U,Google ‚Äî Year In Search 2021,"Google should offer users the opportunity to give a personal rating for the returned pages for a specific search query. On the basis of this, the search engine could then be well adapted and greatly improved both on an individual level and in general."
EqboAI-Vk-U,Google ‚Äî Year In Search 2021,"I never imagined myself sobbing over a Google video. This is such a heartwarming comment section, and it truly¬†makes me feel like I wasn't alone this past¬†year. Congratulations everyone for remaining resilient this year, despite the challenges. I wish everyone a healthy and safe¬†year in 2022."
EqboAI-Vk-U,Google ‚Äî Year In Search 2021,Uwa≈ºam ≈ºe Google robi naprawdƒô dobrƒÖ robotƒô.
EqboAI-Vk-U,Google ‚Äî Year In Search 2021,Keep on keeping on everybody!!!!!!! Things might get tough but pick each other up! You all have made it through two of the most difficult years in our recent history.
EqboAI-Vk-U,Google ‚Äî Year In Search 2021,"to everyone watching this and relating to the pain and healing, I love you all so much. You are strong and you are not alone. Keep up the hard work. I am so proud of you <3"
EqboAI-Vk-U,Google ‚Äî Year In Search 2021,These are always so emotional to watch. Being in this one makes it crazy emotional. Hopes and prayers for everyone to get through this crazy world. ‚ù§Ô∏è
EqboAI-Vk-U,Google ‚Äî Year In Search 2021,"May 2022 be the year that brings us lot of comfort and helps us emerge stronger than ever. It had been hard nobody can deny it,but we are moving forward and we'll keep doing so."
EqboAI-Vk-U,Google ‚Äî Year In Search 2021,"Quando nos juntamos para resolver determinados problemas somos praticamente imbat√≠veis, deveriamos usar essa determina√ß√£o para muitas outras situa√ß√µes!"
EqboAI-Vk-U,Google ‚Äî Year In Search 2021,"This message is simple, yet powerful.  This video resonates with many of us on so many levels.  Well done.  Search on!!!"
EqboAI-Vk-U,Google ‚Äî Year In Search 2021,"""To everyone fighting  come back stronger"". What a way to end this amazing video. As always, you never disappoint. This was undoubtedly, a tough year, I mean, at least, finally it ended. Good things are going to happen now."
EqboAI-Vk-U,Google ‚Äî Year In Search 2021,Happy new year üéâ
EqboAI-Vk-U,Google ‚Äî Year In Search 2021,Some powerful storytelling right here. üëèüèΩ
EqboAI-Vk-U,Google ‚Äî Year In Search 2021,Driver's License makes this commercial even more powerful.  Love it!  I teared up when the fans were back in Wembley ‚ô•Ô∏è
EqboAI-Vk-U,Google ‚Äî Year In Search 2021,"I lost many relatives this year, so it was a really hard this year mostly for my parents with all this lost. I want to say to all the ones who had lost relatives stay strong and for the ones who had new members in their life I wish you great. I hope 2022 will be a better year."
EqboAI-Vk-U,Google ‚Äî Year In Search 2021,I never would have thought I would be in this position. Good job google.
EqboAI-Vk-U,Google ‚Äî Year In Search 2021,2021 was not an easy year. We have endured many fates. Let us be strong together and master it in 2022.
EqboAI-Vk-U,Google ‚Äî Year In Search 2021,. this was in fact the most googled song of 2021!
EqboAI-Vk-U,Google ‚Äî Year In Search 2021,Que 2022 seja o ano da reviravolta a todos os sentidos. Que todos unidos continuemos a lutar pelos nossos direitos. Que TODOS lutemos JUNTOS para uma vida melhor!
EqboAI-Vk-U,Google ‚Äî Year In Search 2021,"This video embodies so much, but pushes something so important to light. We are in this together, we struggle together, we love together. Stay strong everyone, I wish you the best"
EqboAI-Vk-U,Google ‚Äî Year In Search 2021,2021 has been a difficult year for many. 2022 must be the year of happiness. Only good news in 2022
EqboAI-Vk-U,Google ‚Äî Year In Search 2021,"Even if the middle of the year is so tiring and sorrowful, there is healing and restoration in the end. May God bless us always."
EqboAI-Vk-U,Google ‚Äî Year In Search 2021,"you don't praise yourselves enough for staying strong and getting through these two years. it probably won't mean a lot coming from a stranger on the internet but still, i'm so proud of all of you people for being so courageous! hoping for 2022 and all the further years to bring you happiness and love :)"
EqboAI-Vk-U,Google ‚Äî Year In Search 2021,Amazing moving video! It's been a challenging year for so many ‚ù§Ô∏è
EqboAI-Vk-U,Google ‚Äî Year In Search 2021,Always a highlight of the year. Love this video series.
EqboAI-Vk-U,Google ‚Äî Year In Search 2021,It tells us to be grateful for the things we have. Thats what I like about it
EqboAI-Vk-U,Google ‚Äî Year In Search 2021,"–ß–µ—Å—Ç–Ω–æ, –Ω–µ –æ–∂–∏–¥–∞–ª —Ç–∞–∫–æ–≥–æ, –Ω–æ –Ω–∞—à —Å–µ–≥–º–µ–Ω—Ç –≥—É–≥–ª–∞ –ø–æ—Å—Ç–∞—Ä–∞–ª—Å—è –≤ —Ä–∞–∑—ã –ª—É—á—à–µ, —á–µ–º –º–∏—Ä–æ–≤–æ–π"
EqboAI-Vk-U,Google ‚Äî Year In Search 2021,Stay strong and safe everyone! We will get through this together.
EqboAI-Vk-U,Google ‚Äî Year In Search 2021,"I don't think we all give ourselves enough credit for staying strong through these last two years. But you did it, we did it. We will make it through all of these hard things."
EqboAI-Vk-U,Google ‚Äî Year In Search 2021,I looked forward to this. Google never fails to end the year well
EqboAI-Vk-U,Google ‚Äî Year In Search 2021,"l know it's been a tough year, but if we keep showing support nothing can stop us! wish everyone a healthy start to 2022!"
EqboAI-Vk-U,Google ‚Äî Year In Search 2021,"For once, I actually like a Google ad. Good job google! üëç"
EqboAI-Vk-U,Google ‚Äî Year In Search 2021,"With such a nice video, it‚Äôs still shocking to see my partner being a part of it!! Thank you for the opportunity google and stay strong everyone <333"
EqboAI-Vk-U,Google ‚Äî Year In Search 2021," made me feel so emotional with the first Hamilton performance, Billie Elish's concert, and the BTS PTD LA concert because these were some of the first really big events that kinda brought back some relief that even though things aren't exactly like how they were in 2019, but some things are coming back and that there are so many more awesome things to come 2022. üíúü•∫"
EqboAI-Vk-U,Google ‚Äî Year In Search 2021,"Se siente un escalofri√≥ por todo el cuerpo cuando te pones a pensar que las personas la est√°n pasando muy mal, fuerza a todos, saldremos adelante"
EqboAI-Vk-U,Google ‚Äî Year In Search 2021,"Thank you Google! that we have a platform where we can share, exude positivity and motivate each other."
EqboAI-Vk-U,Google ‚Äî Year In Search 2021,Let's create something awesome together!
EqboAI-Vk-U,Google ‚Äî Year In Search 2021,I hope we can all grow and continue to stay safe and healthy in the next year and the years to come
EqboAI-Vk-U,Google ‚Äî Year In Search 2021,Come on everyone! We can do this! Stay strong!
EqboAI-Vk-U,Google ‚Äî Year In Search 2021,"2021 has been the hardest year of my life. multiple times, i wanted to end it all. but thanks to my amazing friend, i‚Äôm still here. hopefully 2022 will be a better year."
EqboAI-Vk-U,Google ‚Äî Year In Search 2021,"2021 fue un a√±o dif√≠cil, lleno de alegr√≠as, tristezas, reencuentros y despedidas. Sigamos adelante, hemos llegado muy lejos y espero que 2022 tenga mejores condiciones para todos<3"
EqboAI-Vk-U,Google ‚Äî Year In Search 2021,"to everyone: stay strong, there are always people you can count on and you can do it"
EqboAI-Vk-U,Google ‚Äî Year In Search 2021,"Que o pr√≥ximo ano seja melhor para todos n√≥s, nunca desejei isso t√£o forte como esse ano, onde perdi familiares para essa doen√ßa maldita. Que continuemos resilientes e que nunca possamos perder a vontade de viver e vencer! Sa√∫de a todos!!!"
EqboAI-Vk-U,Google ‚Äî Year In Search 2021,Drivers license made it so much more special and emotional
EqboAI-Vk-U,Google ‚Äî Year In Search 2021,2020 y 2021 dos a√±os de muchas ense√±anzas üôèüèº ‚ú®
EqboAI-Vk-U,Google ‚Äî Year In Search 2021,"Sobbing so much. I had a very difficult year from a mental health point of view, and this just touches all the right cords. Thank you Google, thanks everybody, we got this."
EqboAI-Vk-U,Google ‚Äî Year In Search 2021,"Lots of love everyone. I‚Äôm proud of you ‚ù§Ô∏è Stand tall, stand proud, have courage and be kind."
EqboAI-Vk-U,Google ‚Äî Year In Search 2021,2021 has been a difficult year for many. Hope 2022 will be better!
EqboAI-Vk-U,Google ‚Äî Year In Search 2021,incredibly done! cant wait to see what 2022 brings. Proud of olivia for everything shes accomplished this year.
EqboAI-Vk-U,Google ‚Äî Year In Search 2021,"I aways look forward to these videos. Thank you, Google, for always helping me remember what is truly worth remembering and honoring about the past year."
EqboAI-Vk-U,Google ‚Äî Year In Search 2021,"Stay strong everyone, we‚Äôve got this"
EqboAI-Vk-U,Google ‚Äî Year In Search 2021,"these videos are what i look forward to all year, you never miss!! beautiful!!"
EqboAI-Vk-U,Google ‚Äî Year In Search 2021,Wow. I can't believe it's basically been 2 years since this pandemic began. It's been rough but we have to keep hope alive. üôèüèæ‚ù§üëèüèæ
EqboAI-Vk-U,Google ‚Äî Year In Search 2021,"Every time I watch these year in search videos, I think to myself ‚Äòthese are WAY better then the YouTube rewinds‚Äô This video nearly brought me to tears. Thank you Google!! ‚ô•Ô∏èüí™üèª"
EqboAI-Vk-U,Google ‚Äî Year In Search 2021,Si a√∫n seguimos vivos es porque logramos superar todas las circunstancias dif√≠ciles que se nos presentaron este a√±o... a seguir adelante gente hermosa...
EqboAI-Vk-U,Google ‚Äî Year In Search 2021,every year. never disappoints.
EqboAI-Vk-U,Google ‚Äî Year In Search 2021,"Stay strong, happy and heathly everybody! We've got this!!! üéâ"
EqboAI-Vk-U,Google ‚Äî Year In Search 2021,Google ...you got my respect... thanks for being there when no one else wasüôÇ
EqboAI-Vk-U,Google ‚Äî Year In Search 2021,Very touching. Thank you for this!
EqboAI-Vk-U,Google ‚Äî Year In Search 2021,Google gets me every year. Ever since 2011 (which still is my favorite) I've been a loyal Zeitgeist viewer. It's definitely gotten harder as I've gotten older and it seems like more and more my life is tangled up in current events instead of just being a passive watcher. But it's still a beautiful world.
EqboAI-Vk-U,Google ‚Äî Year In Search 2021,"For everyone in the world, stay strong and we can get through it üí™üí™"
EqboAI-Vk-U,Google ‚Äî Year In Search 2021,"Thank God for Google, The Internet and everything else. Especially the gift of life.üôè"
EqboAI-Vk-U,Google ‚Äî Year In Search 2021,"Incredible that they used a rendition of Olivia Rodrigo's Driver's License, what an amazing honor for her. This year really showed that as humans we persevere and come back stronger than before after a scary and confusing year"
EqboAI-Vk-U,Google ‚Äî Year In Search 2021,"This video means a lot. As a kid, I know realize how much my community tried to save me."
EqboAI-Vk-U,Google ‚Äî Year In Search 2021,"When watching these videos, i feel like year in year my life is fading away, filling my soul with bitter and sadness."
EqboAI-Vk-U,Google ‚Äî Year In Search 2021,Google always does a fantastic job with these.
EqboAI-Vk-U,Google ‚Äî Year In Search 2021,"This video is full of emotions, encouragement, and hope. Can we have a longer version of it?"
EqboAI-Vk-U,Google ‚Äî Year In Search 2021,"Wow, did anyone else feel as if 2021 flew by? Like dang."
EqboAI-Vk-U,Google ‚Äî Year In Search 2021,Este video es uno de los mas honestos que he visto reflejando lo que hemos vivido y soportado durante estos 2 a√±os de pandemia. Un abrazo a todos y sigamos adelante.
EqboAI-Vk-U,Google ‚Äî Year In Search 2021,I cried the first time I saw this add I watch this every day I love this add so much thank you the people who created this add make more like this one
EqboAI-Vk-U,Google ‚Äî Year In Search 2021,I really need this version of drivers license in Spotify
EqboAI-Vk-U,Google ‚Äî Year In Search 2021,Why does 2021 feel harder than 2020.. :(
EqboAI-Vk-U,Google ‚Äî Year In Search 2021,Thanks for the emotional video. Stay strong together... Yes we can. üí™üí™
EqboAI-Vk-U,Google ‚Äî Year In Search 2021,This is now officially the new YouTube rewind 2021
EqboAI-Vk-U,Google ‚Äî Year In Search 2021,"Gracias, Google. Estos dos a√±os (2020 y 2021) han sido unos a√±os muy fuertes para algunas personas, pero me alegra que esas mismas personas hayan sido resilientes y capaces. Muchos abrazos. üíü"
EqboAI-Vk-U,Google ‚Äî Year In Search 2021,"Year in search 2016 and 2017 were the best IMO, this is still good, they never let me down."
EqboAI-Vk-U,Google ‚Äî Year In Search 2021,I got teary eyed but proud to see how resilient human beings are
EqboAI-Vk-U,Google ‚Äî Year In Search 2021,If we have to ask google how to stay strong then we‚Äôre doing something wrong.
EqboAI-Vk-U,Google ‚Äî Year In Search 2021,You guys did the best! Let‚Äôs work harder for the next year!
EqboAI-Vk-U,Google ‚Äî Year In Search 2021,Ïñ¥Îñ§ ÏãúÎ†®Ïù¥ Ïö∞Î¶¨ ÏïûÏùÑ Í∞ÄÎ°úÎßâÏùÑÏßÄÎùºÎèÑ.
EqboAI-Vk-U,Google ‚Äî Year In Search 2021,"Excelente!! como siempre Google nos tiene acostumbrado a su trabajo, las busquedas referidas a la vacunaci√≥n y como enfrentar la pandemia han hecho que cada uno de nosotros en el mundo nos conviertieramos por momentos en exploradores. Un deseo: ¬°Exitos para todos nosotros!!"
EqboAI-Vk-U,Google ‚Äî Year In Search 2021,"It's tough year for me and I get through. Thx my family, my brothers, my friends, my supporters, and my haters. You all are the consequence of my mental health restoration. and I wish everyone will get through all of their obstacles too. <3"
EqboAI-Vk-U,Google ‚Äî Year In Search 2021,"Quero deixar aqui o meu agradecimento a todos os alunos, professores, coordena√ß√£o enfim a todos envolvidos,a despedida do 9 ano foi muito especial, agora vamos para um novo desafio o ensino m√©dio um c√≠rculo que se fechou e outro que se abre que todos sejam muito bem vindos a essa nova etapa, obrigada col√©gio pelo carinho com os nossos filhos üåπüíìüå∏üíï"
EqboAI-Vk-U,Google ‚Äî Year In Search 2021,"I usually don't cry, but this made me tear up. Thank you Google, for just being there. This is so beautiful."
EqboAI-Vk-U,Google ‚Äî Year In Search 2021,"Like all of you, these past two years, 2020 and 2021, have been one of the most unprecedented years I've ever had to live through. But with faith and hope, we can successfully tackle all the uncertainties that may arise throughout the rest of this decade and beyond. Wish you all a Merry Christmas and Happy 2022!"
EqboAI-Vk-U,Google ‚Äî Year In Search 2021,Leave it to one of the most evil companies in the world to be so heartwarming.  ‚ù§Ô∏è üåç
EqboAI-Vk-U,Google ‚Äî Year In Search 2021,This was so emotional and the fact that they used drivers License as the background music makes it hit so much hard
EqboAI-Vk-U,Google ‚Äî Year In Search 2021,This got me tears! Thank you Google!
EqboAI-Vk-U,Google ‚Äî Year In Search 2021,This song fits perfectly. Everyone is going through something but we can all overcome our pain and use our experiences to achieve something beautiful. You can do it! Treat people with kindness and go reach your dreams! God bless everyone.
EqboAI-Vk-U,Google ‚Äî Year In Search 2021,"This video-comments is bringing us together irrespective of who we are, where we are everyone feel same emotions. That what make whole world one family üåé ."
EqboAI-Vk-U,Google ‚Äî Year In Search 2021,"very powerful video, brought a couple tears off my eyes..."
EqboAI-Vk-U,Google ‚Äî Year In Search 2021,"Google does it every year, makes me shed a tear."
EqboAI-Vk-U,Google ‚Äî Year In Search 2021,So interesting! Thank you! But I think you should've included more stories from other parts of the world as well as other languages. The world is not just the United States.
EqboAI-Vk-U,Google ‚Äî Year In Search 2021,Hey google thanks for creating this wonderful short video! Let‚Äôs search together and let‚Äôs get the world back on track together!
EqboAI-Vk-U,Google ‚Äî Year In Search 2021,Didn't expect to start my day off crying my eyes out. It really showed how many people went through these struggles - it was not an easy year. But there's hope.
EqboAI-Vk-U,Google ‚Äî Year In Search 2021,"I hope you are all fine, let's make the best of üåçüôè"
EqboAI-Vk-U,Google ‚Äî Year In Search 2021,  ‚Ä¢‚Ä¢‚Ä¢„Äã„Äã„Äã
EqboAI-Vk-U,Google ‚Äî Year In Search 2021,This is a very ‚Äúwoke‚Äù commercial with a lot agenda driven emotions. Did you notice what is missing in this commercial?
EqboAI-Vk-U,Google ‚Äî Year In Search 2021,"Everyone in the world be strong, we can get through it, WE are ONE! üí™"
EqboAI-Vk-U,Google ‚Äî Year In Search 2021,That is what comes up in my head when watching this.
EqboAI-Vk-U,Google ‚Äî Year In Search 2021,"Que o pr√≥ximo ano seja melhor para todos n√≥s, nunca desejei isso t√£o forte como esse ano, onde perdi familiares para essa doen√ßa maldita. Que continuemos resilientes e que nunca possamos perder a vontade de viver e vencer! Sa√∫de a todos!!!"
EqboAI-Vk-U,Google ‚Äî Year In Search 2021,I had a really good year. Wishing everyone the best for 2022 & beyond!
EqboAI-Vk-U,Google ‚Äî Year In Search 2021,"El 2021 fue un a√±o de cambios, de resiliencia, estuvimos en constante movimiento y me alegra estar aqu√≠, todav√≠a nos quedan cosas positivas por hacer en este plano aunque algunos ya no est√©n, estamos a pocos d√≠as de llegar al 2022 y les deseo a todos los que lean este mensaje buenas vibras para el nuevo a√±o."
EqboAI-Vk-U,Google ‚Äî Year In Search 2021,"I'm in tears, such a moving video. Thank you google for reminding us to be stronger."
EqboAI-Vk-U,Google ‚Äî Year In Search 2021,The determination in our blood this year will strive on until the end!! Nothing is small in this world! NEVER GIVE UP!!
EqboAI-Vk-U,Google ‚Äî Year In Search 2021,this is my favorite ad I ever seen on YouTube it's so inspiring
EqboAI-Vk-U,Google ‚Äî Year In Search 2021,Year in search never disappoints ‚ù§Ô∏è
EqboAI-Vk-U,Google ‚Äî Year In Search 2021,I can recognize ‚Äúdrivers license‚Äù anywhere
EqboAI-Vk-U,Google ‚Äî Year In Search 2021,"im gonna give a shout out to everyone that has pushed through these past two years. knowing how hard this was and how far we've come. fighting off negativity, learning to cope with issues and pain some of us had never felt before, and issues we've dealt with for too long. putting down the knife when we thought we couldnt take anymore. staying strong for so long. things have been hard, and thats ok. Keep fighting.  use this comment as a place to honor somebody you lost."
EqboAI-Vk-U,Google ‚Äî Year In Search 2021,Year in Search always comes out with incredible videos. This one was very emotional after the year we all had
EqboAI-Vk-U,Google ‚Äî Year In Search 2021,2021: the year of healing
EqboAI-Vk-U,Google ‚Äî Year In Search 2021,"The past years are very good also, but 2021 really touches our heart and soul."
EqboAI-Vk-U,Google ‚Äî Year In Search 2021,My prayers go out to everyone. We've all been pushed to the limits and everyone matters equally but I have a special kind of love for our healthcare workers. I don't know how they do it normally and now a with a thousand times more stress. What a horrible world it would be without healers. I love you all. I would like to see more attention and help for the people who always help us. üíúüåçüôè
EqboAI-Vk-U,Google ‚Äî Year In Search 2021,"All the previous years‚Äô videos were very inspirational, this one was way more ‚Äúwe‚Äôre all mentally exhausted‚Äù."
EqboAI-Vk-U,Google ‚Äî Year In Search 2021,"These last two years have been difficult for so many. Everyone has had to persevere and stay strong through all of this. While 2022 won't be a light switch or get better immediately or anything, here's to hoping for better times down the road."
EqboAI-Vk-U,Google ‚Äî Year In Search 2021,2019 was one hell of a year.
EqboAI-Vk-U,Google ‚Äî Year In Search 2021,"hey everyone, good job for making it through another year. im so proud of you"
EqboAI-Vk-U,Google ‚Äî Year In Search 2021,"Into 2022 we go. Let‚Äôs keep faith and our head above the water. Forward, always. Always, forward."
EqboAI-Vk-U,Google ‚Äî Year In Search 2021,"It's an understatement to say 2021 was hard. Honestly, it absolutely wrecked me, and then came back for seconds. This year I lost a member of my section in band to brain cancer at the tail end of my senior year. Because of me being section leader and having a ton of grieving kids I had to stay strong. I had to be supportive and a beacon of hope even if it ment not expressing my weakness or even grief. Between this, having to perform on the marimba at his funeral, and immediately having to do an interview with the damn newspaper about him the LITERAL NEXT DAY after he passed, I don't think I really got the chance to fully grieve. It has caused me to deal with the worst on and off again depression of my entire life, wrecked my graduation, my summer, and shook my faith to It's core and I'm still not 100% sure what I believe anymore. And honestly I hate talking about how it has affected me because I feel as though it makes me selfish because I can't imagine what his family is going through. Everytime I feel as though I am doing better I crash and burn almost immediately because I'll be reminded of him. There was so much this kid never experienced. Past the age of 14 he never got to live a normal life again. Towards the last year of his life he lost all feeling in his right side and was unable to get his license, which was deeply upsetting to him as he wanted to drive so badly. He never really got to experience the beauty of a true relationship, have kids, vote, or really grow up at all. It's not fair. But cancer doesn't care about what's fair. And neither does fate/God whatever you believe in. But something that has brought me peace is to know that he is no longer suffering and I hope by knowing that, that each day will get a little easier. I guess the whole point of this little rant is to just let anyone out there know that someone understands what you're going through. And they're willing to talk to you and help you through it and also help themselves get through their situation. You are never alone."
EqboAI-Vk-U,Google ‚Äî Year In Search 2021,Still cant watch this without my eyes filling with tears of joy and sorrow
EqboAI-Vk-U,Google ‚Äî Year In Search 2021,"When I heard Lin Manuel Miranda say ‚Äúwelcome back to the theatre‚Äù, I felt tears of joy because I‚Äôve lost count of how many shows I‚Äôve seen since the theatres started reopening and when I saw the first show in a while I could feel the utter joy and enthusiasm that the audience felt for seeing a live show in a while. Here‚Äôs looking at a better and more vibrant 2022!‚ù§Ô∏è‚òÆÔ∏èüé≠üéºüåà‚òÄÔ∏èüåªü•≥"
EqboAI-Vk-U,Google ‚Äî Year In Search 2021,I haven‚Äôt cried this much from a google ad since the old man remembering his wife.
EqboAI-Vk-U,Google ‚Äî Year In Search 2021,"Goosebumps and tears. At the end of the day, you're where we go for our answers. Thank you for guiding us through another unconventional year. Let's hope 2022 has some really happy and wholesome searches as we heal."
EqboAI-Vk-U,Google ‚Äî Year In Search 2021,Every Year In Search video has made me feel so motivated to conquer the next year...
EqboAI-Vk-U,Google ‚Äî Year In Search 2021,Thanks to God I got through this year!
EqboAI-Vk-U,Google ‚Äî Year In Search 2021,This is like the better version of YouTube Rewind. I never think I be brought to tears by a Google video.
EqboAI-Vk-U,Google ‚Äî Year In Search 2021,"What I would like to see is more compassion for each other, more revolt against injustice, racial, financial, social. Any injustice that insults our humanity. Let's stop accepting it as ""it is what it is"" and ""thats the way of the world"". We can do better. We can spread love no matter how bad we're hurting and suffering or how much we've lost. We can help others instead of knocking them down. We're all here together. We seem to forget that."
EqboAI-Vk-U,Google ‚Äî Year In Search 2021,"""Even as we grieved, we grew."" Both good and bad can exist simultaneously. The most important thing is our reaction: will we let these situations cause us to isolate or draw us closer to meaningful relationship."
EqboAI-Vk-U,Google ‚Äî Year In Search 2021,"Uau , emocionante sintetiza de fato muita coisa que vivenciamos em 2021, parab√©ns , parab√©ns , parab√©ns..."
EqboAI-Vk-U,Google ‚Äî Year In Search 2021,"As a piece of this beautiful planet, I wish every one can get it through in this circumstance. üôä"
EqboAI-Vk-U,Google ‚Äî Year In Search 2021,Evey year I watch this I start crying it fills me with hope that the world will become a better place
EqboAI-Vk-U,Google ‚Äî Year In Search 2021,Hey Youtube this is how you do a year in review.
EqboAI-Vk-U,Google ‚Äî Year In Search 2021,"Áñ´Áóá‰∏≠‰∫∫‰∫∫ÁîüÊ¥ªÂõ∞Èõ£,Â∏åÊúõÂ§ßÂÆ∂‰∏çË¶ÅÊîæÊ£Ñ,ÁπºÁ∫åÂêëÂâç,ÁµïÊúõ‰∏≠Á∏ΩÊúâ‰∏ÄÁ∑öÂÖâ!üí™üí™üí™üí™üí™"
EqboAI-Vk-U,Google ‚Äî Year In Search 2021,"To anyone who happens to look at this, I don't know who you are, but I love you and care about you and just want you to know we're all in this together! You've made it this far and I'm proud of you :) Stay strong because it will get better, no matter what you're going through."
EqboAI-Vk-U,Google ‚Äî Year In Search 2021,2020 y 2021 dos a√±os de muchas ense√±anzas üôèüèº ‚ú®
EqboAI-Vk-U,Google ‚Äî Year In Search 2021,Blessed to see another one of these. üñ§
EqboAI-Vk-U,Google ‚Äî Year In Search 2021,it was a difficult year tbh 2021 was tough and harsh but we keep going !
EqboAI-Vk-U,Google ‚Äî Year In Search 2021,"Ah, I know Google's just a corporation and all, but this video gets me choked up every year."
EqboAI-Vk-U,Google ‚Äî Year In Search 2021,2021 is almost over. i am hoping everyone is getting more stronger and healthier. be strong and we can get through this
EqboAI-Vk-U,Google ‚Äî Year In Search 2021,I love how they included the girl with the one winged plane from the Tokyo 2020 Paralympics.
EqboAI-Vk-U,Google ‚Äî Year In Search 2021,These videos are always the highlight of the end of the year. Always so moving and captivating!!
EqboAI-Vk-U,Google ‚Äî Year In Search 2021,"while we are at it, lets also thank google for existing <3"
EqboAI-Vk-U,Google ‚Äî Year In Search 2021,‚ò∫
EqboAI-Vk-U,Google ‚Äî Year In Search 2021,Be kind to everyone and stay strongüíôhumanity wins always üíû we are here for each otherüíñ
EqboAI-Vk-U,Google ‚Äî Year In Search 2021,I wish there surely be a happy future for all those who have had hard times.
EqboAI-Vk-U,Google ‚Äî Year In Search 2021,"Thank You for this commercial Google, Lord knows I needed it."
EqboAI-Vk-U,Google ‚Äî Year In Search 2021,This video is very emotional and says out we have to keep believing in the greater good for all Americans.
EqboAI-Vk-U,Google ‚Äî Year In Search 2021,I definitely look forward to the next one of these
EqboAI-Vk-U,Google ‚Äî Year In Search 2021,When im watching this video i feel like i got a pretty decent year while other were not feeling that good. It made me realise how lucky i was in life and im wishing 2022 will be a good year for everyone.
EqboAI-Vk-U,Google ‚Äî Year In Search 2021,"Not often that commercials make me cry but this was so on point.  Great job, yu got to my heart."
EqboAI-Vk-U,Google ‚Äî Year In Search 2021,"Can you please make a longer. version of this, Google? This one was so emotional!"
EqboAI-Vk-U,Google ‚Äî Year In Search 2021,"if there is one video I anticipate watching the most towards the end of each, it is this year-end video, thank you, Google."
EqboAI-Vk-U,Google ‚Äî Year In Search 2021,"I love you all, right now."
EqboAI-Vk-U,Google ‚Äî Year In Search 2021,Love goes out to everyone to start 2022 may you feel loved and noticed and follow your dreams during these times - love you ‚ù§Ô∏è
EqboAI-Vk-U,Google ‚Äî Year In Search 2021,Google! Every year they come up with something like this! It's ridiculous how well they craft their content.
EqboAI-Vk-U,Google ‚Äî Year In Search 2021,I am crying. That was beautiful.
EqboAI-Vk-U,Google ‚Äî Year In Search 2021,"Mis respetos, 2021 ü•∫üíï."
EqboAI-Vk-U,Google ‚Äî Year In Search 2021,"I love the addition of working on one's mental health to this one. I didn't think I would care about the Review this year, but good on them for making that clear. All I've done this year is hammer out my mental health situation. My mental health therapy journey started in March 2021, so I'm excited to see where sticking with it gets me. <3"
EqboAI-Vk-U,Google ‚Äî Year In Search 2021,"2021 was a great year with full of hope after the whole 2020, Will miss you 2021 :)"
EqboAI-Vk-U,Google ‚Äî Year In Search 2021,2022 here we come!
EqboAI-Vk-U,Google ‚Äî Year In Search 2021,I hope things keep getting better! Stay strong üíú
EqboAI-Vk-U,Google ‚Äî Year In Search 2021,"I wish they'd included Hidilyn Diaz precious reaction to her Olympic win in weightlifting, right after Simone Biles, for 'how to stay strong' part of this video."
EqboAI-Vk-U,Google ‚Äî Year In Search 2021,me and my brother got goosebumps watching this.. we did it we lived through the year!!!! it was not easy or a path of flowers but we did it - so so grateful. <3
EqboAI-Vk-U,Google ‚Äî Year In Search 2021,"Thank you, Google! May we all search on into next year, and the years to come."
EqboAI-Vk-U,Google ‚Äî Year In Search 2021,Man every year I watch the new rewind and rewatch the others. They always get me üò≠
EqboAI-Vk-U,Google ‚Äî Year In Search 2021,god i always make it a point to check these every year-- i always cry... the 2016 one will always have a special place in my heart
EqboAI-Vk-U,Google ‚Äî Year In Search 2021,This video spoke to me. I felt God‚Äôs presence during this pandemic and everything the world was going through. It was a glimpse of the suffering we will endure if we continue to move away from him and chase other things other than him. During the pandemic I had no one we were all stuck in our rooms and left to ourselves.
EqboAI-Vk-U,Google ‚Äî Year In Search 2021,Thanks google  for showing this. We all deserve love and care.   We all are same.  Love from India.
EqboAI-Vk-U,Google ‚Äî Year In Search 2021,"I wait for Year in Search every year, and as soon as December starts, I open YouTube with hope that it's here, and every year, they fail to disappoint. Such goodness in these videos! ‚ù§Ô∏è"
EqboAI-Vk-U,Google ‚Äî Year In Search 2021,You know how painful the year has been when the Google year in search is so hard to watch
EqboAI-Vk-U,Google ‚Äî Year In Search 2021,Love form the India üáÆüá≥‚ô•
EqboAI-Vk-U,Google ‚Äî Year In Search 2021,Thank you. Keep on fighting. We're stronger together. You're a survivor.
EqboAI-Vk-U,Google ‚Äî Year In Search 2021,"To everyone here: you're doing great, you've made it ‚ô° Stay strong, and be kind to each other."
EqboAI-Vk-U,Google ‚Äî Year In Search 2021,"This video explains how people around the world will change their lives in 2021 and how they will live through the severe days of the pandemic . Even if life is affected a lot, 2022 will still be better."
EqboAI-Vk-U,Google ‚Äî Year In Search 2021,"2021 has been a rough year filled with a lot of ups and downs, but we're almost at the end. Hang in there everyone and sending love <3"
EqboAI-Vk-U,Google ‚Äî Year In Search 2021,Wow that was beautiful üò≠ü•∞
EqboAI-Vk-U,Google ‚Äî Year In Search 2021,"2021 was one of the hardest years in my life, so far."
EqboAI-Vk-U,Google ‚Äî Year In Search 2021,"Para todos no mundo, permane√ßam fortes e n√≥s podemos superar isso"
EqboAI-Vk-U,Google ‚Äî Year In Search 2021,"That ""welcome back to the theater!"" Makes me so happy"
EqboAI-Vk-U,Google ‚Äî Year In Search 2021,We can do this :)
EqboAI-Vk-U,Google ‚Äî Year In Search 2021,"For everyone all the world, stay strong and we can get through it. I hope this will not happen again. Thanks for this beautiful video"
EqboAI-Vk-U,Google ‚Äî Year In Search 2021,"Stay strong and safe, everybody ‚ù§Ô∏è"
EqboAI-Vk-U,Google ‚Äî Year In Search 2021,"Que lindo cara, me arrepiei. Parab√©ns aos envolvidos !!!"
EqboAI-Vk-U,Google ‚Äî Year In Search 2021,"Thank you faceless technology conglomerate, it's good to know Google the company cares about people."
EqboAI-Vk-U,Google ‚Äî Year In Search 2021,That bgm of Drivers license is just ‚ù§Ô∏è
EqboAI-Vk-U,Google ‚Äî Year In Search 2021,"‚ÄúMost people say the hands were the most washed body part of 2021, when really it was the brain‚Äù"
EqboAI-Vk-U,Google ‚Äî Year In Search 2021,"Ah, te mamaste t√≠o Google, que chulada de video! Ac√° me tienes chille y chille pero con la esperanza de que saldremos adelante de esto, juntos."
EqboAI-Vk-U,Google ‚Äî Year In Search 2021,This is so amazing platform
EqboAI-Vk-U,Google ‚Äî Year In Search 2021,This definitely makes me feel more connected to those around the world.
EqboAI-Vk-U,Google ‚Äî Year In Search 2021,"The one scene that got me the most was ""No action is too small"" regarding climate change. From picking up one piece of trash or recycling that water bottle you're currently drinking out of. We all need to work together to combat this. Plant one plant, reuse materials, become more sustainable."
EqboAI-Vk-U,Google ‚Äî Year In Search 2021,I didn‚Äôt think I was going to cry... Amazing video
EqboAI-Vk-U,Google ‚Äî Year In Search 2021,Idk I used to like the year in search videos a lot better. 2016 and 2017 were very powerful videos
EqboAI-Vk-U,Google ‚Äî Year In Search 2021,"For everyone, stay strong. We'll get through this.üòä"
EqboAI-Vk-U,Google ‚Äî Year In Search 2021,Excellent job Google.... as usual
EqboAI-Vk-U,Google ‚Äî Year In Search 2021,"For everyone in the world, stay strong and we can get through it üí™üí™"
EqboAI-Vk-U,Google ‚Äî Year In Search 2021,"incredible video!!! it soooo represent all of us, as a global human race"
EqboAI-Vk-U,Google ‚Äî Year In Search 2021,this made me cry. what a year it has been
EqboAI-Vk-U,Google ‚Äî Year In Search 2021,Because of course Google cares about all these issues.
EqboAI-Vk-U,Google ‚Äî Year In Search 2021,Please work on yourselves. There's always room for improvement. Love. We are all one and the same.
EqboAI-Vk-U,Google ‚Äî Year In Search 2021,Back in my body 2019 was still the best
EqboAI-Vk-U,Google ‚Äî Year In Search 2021,"Bel√≠ssimo v√≠deo que mundo supere , que 2022 traga a supera√ß√£o as na√ß√µes .Que assim seja , assim possa ,e, assim vamos superar ."
EqboAI-Vk-U,Google ‚Äî Year In Search 2021,"The world holds together in these difficult times, cohesion knows no store boundaries. No matter where you come from, I wish everyone out there a lot of strength and Love"
EqboAI-Vk-U,Google ‚Äî Year In Search 2021,First time watching Year in Search and I can gladly say I'm not not disappointed. Hopefully everyone has a great start to 2022 cheers ü•≥
EqboAI-Vk-U,Google ‚Äî Year In Search 2021,Goosebumps!
EqboAI-Vk-U,Google ‚Äî Year In Search 2021,"I hope this corona epidemic will pass quickly and wish everyone success in work and study, good health to the whole world.üòäüòäüòäüòäüòä"
EqboAI-Vk-U,Google ‚Äî Year In Search 2021,Make yourself feel good ‚ù§
EqboAI-Vk-U,Google ‚Äî Year In Search 2021,2021 is a year of challenges and emotions. Let's hope looking forward in 2022 for a good news.
EqboAI-Vk-U,Google ‚Äî Year In Search 2021,"Whats sad are the millions of ppl watching this in ""in tears"" while being completely oblivious to the fact that these media companies generate revenue from manipulating those same emotions lol"
EqboAI-Vk-U,Google ‚Äî Year In Search 2021,"wow... the humanity in this comment section gives me some hope for people. regardless of what you went through these last two years, i hope 2022 is better for you. i hope we can recover from this as a single race- the human race- with a better understanding of how suddenly things can be taken away from us. we've all learned to struggle, to cope, to heal... stay strong everyone, and God bless you <3"
EqboAI-Vk-U,Google ‚Äî Year In Search 2021,"Be positive , Life goes on y'all ~"
EqboAI-Vk-U,Google ‚Äî Year In Search 2021,"Wow, what a meaningfull Video, and this from Google. Nice, thats made me proudly of all People working, living and surviving this time."
EqboAI-Vk-U,Google ‚Äî Year In Search 2021,"My New Year‚Äôs Eve tradition, watching this as I enter the new year crying hopeful for what‚Äôs to come"
EqboAI-Vk-U,Google ‚Äî Year In Search 2021,"i liked 2020‚Äôs rewind better. there was more action, drama and emotions"
EqboAI-Vk-U,Google ‚Äî Year In Search 2021,Brought a tear to my eyes
EqboAI-Vk-U,Google ‚Äî Year In Search 2021,"This year was really tough, even last year. Everyone has stayed strong and did the best they could! A lot of weird and unusual things have happened, some good things have happened, even things that could change lives. To everyone reading this, stay safe and have a happy new year!"
EqboAI-Vk-U,Google ‚Äî Year In Search 2021,"Ïù¥ ÏòÅÏÉÅ ÏãúÎ¶¨Ï¶àÎ•º Î≥¥Í≥† ÎààÎ¨ºÏßìÏßÄ ÏïäÏùÄ Ìï¥Í∞Ä ÏóÜÏóàÎã§. Ïö∞Î¶¨Ïùò ÏÇ∂Ïù¥ ÏßÄÏò•Í∞ôÎã§ Ìï†ÏßÄÎùºÎèÑ Îß§ ÏàúÍ∞Ñ Ïö∞Î¶¨Îäî ÎÇòÏïÑÏßÄÍ≥†, ÏÑúÎ°úÎ•º ÏúÑÌïòÍ≥† ÏûàÏùåÏùÑ..."
EqboAI-Vk-U,Google ‚Äî Year In Search 2021,I cry every single time. Please never stop doing these videos!!
EqboAI-Vk-U,Google ‚Äî Year In Search 2021,"I love you fellow humans, keep on keeping on üíú"
EqboAI-Vk-U,Google ‚Äî Year In Search 2021,"It is so different then the 2020 year version. 2021 was full of happiness, justice, love, prosperity, good change, and growth. I am so different then 2020; damn right I have grown, damn right I am stronger."
EqboAI-Vk-U,Google ‚Äî Year In Search 2021,Spent my first Christmas and New years without my 3 kids .. on top of that mom passed away 27 December. This video hit me hard
EqboAI-Vk-U,Google ‚Äî Year In Search 2021,This video is one of the most honest I have seen reflecting what we have lived and endured during these 2 years of pandemic. A hug to all and let's move on.
EqboAI-Vk-U,Google ‚Äî Year In Search 2021,great video and background music. stay strong everyone !!
